id;nombre;email;telefono;razon_social;rfc;activo
1;next coordination;Rafael.BarreraValdivia89@yahoo.com;guacamole;hence apropos coagulate;meh;false
2;from considering;Lucas_MirandaOrtiz20@hotmail.com;gah slip enormously;rout;and;true
3;indeed excess ack;Gustavo.OrdonezCollado@hotmail.com;inwardly;querulous whose;whereas mysti;false
4;apropos readily;Raquel.PinaLucio@gmail.com;markup warp awkwardly;outside huge;mmm;true
5;keel hydrant gosh;Oscar_ReyesMartinez81@hotmail.com;if surprised;through;ah digit;false
6;grown unaccountably;Victoria15@hotmail.com;whose pace;indeed elegantly finally;whup smooth;false
7;wisely;Arturo_LunaSoria@hotmail.com;present;fooey fluff;hot tray conf;false
8;annual;Cristina.AgostoZepeda@yahoo.com;cleverly;implode without;sermon wilder;true
9;ew huzzah;Manuel0@yahoo.com;thump;during formation;boo underneat;false
10;above;JoseEmilio15@yahoo.com;merge cap gape;chime pillbox;phrase vice;false
